date,site ID,part ID,start time,repo,items,render,end time
Tue Jan 21 2014 11:06:18 GMT+0200 (Jerusalem Standard Time),a25b8de3-2002-4248-ab3e-76f4537f6eca,ppPrt23-1aap,1390295173723,1471,2550,4421,1390295178144
Tue Jan 21 2014 11:06:18 GMT+0200 (Jerusalem Standard Time),a25b8de3-2002-4248-ab3e-76f4537f6eca,ppPrt22-14bh,1390295173724,1463,2581,4470,1390295178194
Tue Jan 21 2014 11:06:19 GMT+0200 (Jerusalem Standard Time),8437a121-d3d3-4a84-b003-878d9605052d,ppPrt20-h9v,1390295172350,435,1433,7234,1390295179584
Tue Jan 21 2014 11:06:18 GMT+0200 (Jerusalem Standard Time),a25b8de3-2002-4248-ab3e-76f4537f6eca,ppPrt23-1aap,1390295173723,1471,2550,4421,1390295178144
Tue Jan 21 2014 11:06:18 GMT+0200 (Jerusalem Standard Time),a25b8de3-2002-4248-ab3e-76f4537f6eca,ppPrt22-14bh,1390295173724,1463,2581,4470,1390295178194
Tue Jan 21 2014 11:06:19 GMT+0200 (Jerusalem Standard Time),8437a121-d3d3-4a84-b003-878d9605052d,ppPrt20-h9v,1390295172350,435,1433,7234,1390295179584
Tue Jan 21 2014 11:26:21 GMT+0200 (Jerusalem Standard Time),a25b8de3-2002-4248-ab3e-76f4537f6eca,ppPrt23-1aap,1390296377174,1587,2732,4306,1390296381481
Tue Jan 21 2014 11:26:21 GMT+0200 (Jerusalem Standard Time),a25b8de3-2002-4248-ab3e-76f4537f6eca,ppPrt22-14bh,1390296377176,1579,2904,4336,1390296381512
Tue Jan 21 2014 11:26:21 GMT+0200 (Jerusalem Standard Time),a25b8de3-2002-4248-ab3e-76f4537f6eca,ppPrt21-of7,1390296377162,1601,2949,4383,1390296381545
Tue Jan 21 2014 11:26:23 GMT+0200 (Jerusalem Standard Time),8437a121-d3d3-4a84-b003-878d9605052d,ppPrt20-h9v,1390296375682,422,2430,8087,1390296383769
